Name,Category,Address,City,Phone,Website,Hours,X,Y,Confirmed Open,Citation
Ace Hair and Beauty Supply,Barber & Beauty,400 Hawthorne Ave,Athens,706-548-8005,http://www.acehairandbeautysupply.com/,N/A,-83.411636,33.955593,Unclear,"Website defunct, no other presence"
Adam?s Vending/Adams Management Group,Retail/Shops,429 River Chase Dr,Athens,(706) 255-0835,N/A,N/A,-83.32158,33.89898,Y,"No online presence, check location/call"
African and Asian Grocery,Restaurant/Ice Cream,50 Gaines School Road,Athens,678 698 7723,N/A,Mon-Sat 9-9,-83.3242845,33.9384695,Closed,Yelp
Athens West Dental,Healthcare,10 Huntington Rd,Athens,(706) 543-7262,https://www.facebook.com/pages/category/Dentist---Dental-Office/West-Athens-Dental-Center-1405250513109387/,By appointment,-83.46787,33.93677,Unclear,Website defunct
A-Y Drywall,Home repair and maintenance,160 Marlborough Downs Rd,Athens,(706) 352-7712,N/A,N/A,-83.34606,33.96043,Y,"No online presence, check location/call"
Barfields,Bars & Night Life,2005 Danielsville Rd,Athens,(770) 241-2249,https://www.facebook.com/Barfields-674745426065854/,Varies,-83.349414,34.006002,Unclear (likely closed),"Last facebook post seems like they no longer operate at existing location, no info on new location, no google listing."
Barnetts Flooring and Construction,Home repair and maintenance,200 Spring Cir,Athens,(404)-202-7211,https://www.superpages.com/bp/athens-ga/barnetts-flooring-construction-L2708288843.htm,N/A,-83.347427,33.961281,Y ,"No active internet presence, confirm via alternatives"
Bright Beginnings Daycare,Education,1692 W Hancock Ave,Athens,(706) 543-9491,N/A,M-F 6:00am-6:00pm,-83.39841,33.951791,Y,Google/https://childcarecenter.us/provider_detail/bright_beginnings_preschool_of_athens_llc_athens_ga
Browns Beauty & Barber,Barber & Beauty,325 N Hull Street,Athens,(706) 353-9079,N/A,"M-T 9AM-6PM, Th-Sa 8AM-6:00PM",-83.431379,33.958832,Y,Google
Citgo Cellular/Smart Shop,Tech/Cellular,159 Nellie B Ave,Athens,(706) 850-6602,https://www.facebook.com/Citgo-Cellular-964899816871954/,"M-F 10a-11p, Sat 12-9p",-83.354546,33.956219,Y,"Facebook still up, maybe want to call"
Coast 2 Coast Moves,Home repair and maintenance,300 Sarah Dr.,Athens,(770) 256-6741,https://www.facebook.com/c2cmove/,N/A,-83.433994,33.969651,Y,Google  
Couture Bodies,Fitness,850 Hawthorne Ave,Athens,706-224-1189,https://www.couturebodies.com/,N/A,-83.413303,33.963469,Unclear,"No google, website seems defunct"
Dawg Gone Good Barbeque,Restaurant/Ice Cream,224 W Hancock Ave,Athens,(706) 613-9799,https://www.dawggonegoodbbq.com/#/,T-Sa 11a-7p. M 11a-6p,-83.379358,33.959698,Y,Google/Facebook Active
Divine Tires,Automotive,395 Hawthorne Avenue,Athens,706-546-6787,N/A,M-Sat 9-8,-83.412061,33.954875,Y,Google
Dr McRae Family Dentistry,Healthcare,995 Baxter St,Athens,(706) 546-8480,https://www.drmcrae.com,"M-Tues: 7am-5pm, W-R: 7am-7pm,  Fri: 7a-3p, Sat & Sun: closed",-83.391156,33.94828,Y,Google/Website maintained
Dr. DuBose Family Dentistry (East Athens Family Dentistry),Healthcare,348 Oak St,Athens,(706) 543-6505,https://eastathensfamilydentistry.com/,"F, M, T, R: 8-5. Wed: 9-5",-83.36425,33.952222,Y,Google/Website maintained
Ellison's Insurance Agency,Financial Services,1711 Prince Avenue,Athens,706-369-7147,http://www.ellisonspro.com/,Mon-Fri 8:30-5:00,-83.407286,33.9674,Y,Google/Website maintained
Ellison's Tax Professional Services,Financial Services,1711 Prince Avenue,Athens,706-369-7147,http://www.ellisonspro.com/,"Offseason Hours 4/16-1/08: M-F 8:30-5, Sat&Sun Closed; Tax Season Hours 1/10-4/15: M-F 8:30-8:00, Sat. 8:30-4:00, Sunday-Closed (Google Lists these hours, no info on offseason hours)",-83.407286,33.9674,Y,Google/Website maintained
Fin Alley,Pet Sitting/Pet Store,"1095 Baxter St, Athens, GA 30606",Athens,(706) 850-8433,https://www.facebook.com/finalleyllc/,Monday 3pm-7pm Tuesday - Sat 10am - 7pm Sunday  12-5,-83.402089,33.946115,Y,Google/Facebook Active
Fish Shack,Restaurant/Ice Cream,1660 W Broad St,Athens,(706) 521-8333,fishshackathens.com,W-Sat: 11am-8pm Sun-T: closed,-83.398978,33.952851,Closed,Yelp. Website is no longer active
Fit Body Boot Camp,Fitness,3569 Atlanta Hwy,Athens,(678) 863-7305,https://www.fitbodybootcamp.com/athensfitnessbootcamp/,"M-F 5AM-9:30PM, 3:45 PM-6:30 PM, Sa 8:30 AM-9:30AM",-83.455672,33.938988,Y,Google/Facebook Active
Food for the Soul,Restaurant/Ice Cream,1965 W Broad St,Athens,(706) 546-0052,N/A,"Tues-R, 10:30am-4pm, Fri & Sun 10:30a-5p, Sat and Mon: closed",-83.402585,33.950978,Y,Google/Facebook Active
"Free Radical Labs, LLC",Tech/Cellular,400 Ashton Drive,Athens,(706) 850-6888,https://freeradicallabs.com/,Variable,-83.433408,33.978053,Y,Google/Website maintained
Gardenview Funeral Chapel,Funeral Homes,605 Olympic Dr,Athens,(706) 546-1125,http://gardenviewfuneralchapel.com,By appointment,-83.344725,33.967489,Y,Google/Website maintained
Green & Green,Law,1127 W Hancock Ave,Athens, 706-227-4294,http://www.greenandgreenatlaw.com/,24/7,-83.391874,33.956208,Y,Google/Website maintained
Gresham's Disco Lounge,Bars & Night Life,1495 W Broad St,Athens,(706) 548-4389,https://www.facebook.com/pages/Greshams-Disco/152967644742590,N/A,-83.39605,33.95291,Y,Google/Website maintained
Hull Firm,Law,3720 Atlanta Hwy Suite 3,Athens,706-395-5303,https://www.thehullfirmllc.com/,"M-R: 9:00-5:00pm, F 9a-12p",-83.387027,33.951867,Y,Google/Website maintained
Jackson-McWhorter Funeral Home,Funeral Homes,1253 W Broad St,Athens,706-543-3623,http://www.jacksonmcwhorterfuneralhome.com/,24 hour on call service,-83.392831,33.953535,Y,Google/Website maintained
Jet Cuts and Styles,Barber & Beauty,400 Hawthorne Ave,Athens,(770) 850-3379,https://www.facebook.com/barberking1000/,M-Sa 9AM-5PM,-83.41164,33.9556,Y,Google
Jimmy's Automotive,Automotive,150 Whit Davis Rd,Athens,(706) 850-9298,N/A,M-F 9-6,-83.311821,33.931843,Y,Google
JR Crickets,Restaurant/Ice Cream,810 Hawthorne Ave,Athens,(706) 850-9800,jrcrickets.com,"M-Sat, 1-9 PM, Sun closed",-83.413546,33.963085,Y,Google/Website maintained
Kelly's Jamaican Food,Restaurant/Ice Cream,1583 S Lumpkin,Athens,706 208 0000,https://www.facebook.com/Kellys-Authentic-Jamaican-Food-333515583330794/about/?ref=page_internal&path=%2FKellys-Authentic-Jamaican-Food-333515583330794%2Fabout%2F,"Tue-Fri 11-10 Sat 12-10, Sun 12-9",-83.3859709,33.9397815,Y,Google/Facebook Active
Ken Dious and Associates,Law,115 Sycamore Dr # B1,Athens,(706) 546-9013,http://www.kendiouslaw.com/,M-F 9:00-7:00,-83.417495,33.948276,Y,Google/Website maintained
Knotty By Nature,Barber & Beauty,1550 Lexington Rd B,Athens,(678) 481-0511,https://www.knottybynaturehairsalon.com/,"T-R 9:00-6:00, F-Sa 8:30-5:00",-83.353367,33.947073,Closed (Monica Taylor sitll operating @ Studio 633),Google/website defunct
"LaKeisha Gantt, LPC",Healthcare,610 Epps Bridge Parkway,Athens,(706) 389-8207,http://www.lakeishaganttlpc.com,By appointment,-83.439005,33.931912,Closed, https://coe.uga.edu/news/2018/06/alumna-takes-wide-angle-approach-to-new-role-on-school-board https://www.piedmont.edu/faculty-and-staff/view/443 seems like she is now a professor at Piedmont college
Lighthouse Seafood,Restaurant/Ice Cream,585 Vine St,Athens,706 850 5364,https://www.facebook.com/Lighthouse-Seafood-309185189281711/,Wed-Sat 12-7,-83.3547119,33.9558484,Y,"No definitive info online. Still listed on Google, not closed on Yelp."
Lil Ice Cream Dude,Restaurant/Ice Cream,"1040 Gaines School Road #218,",Athens,(706) 850-8306,https://www.lilicecreamdude.com/,"12-8pm M-Sat, 1-7pm Sun. Also avaliable for events.",-83.337563,33.927792,Y,Google/Website maintained
Lisa Turner- NCR Credit Card Processing Services,Financial Services,110 E Clayton St,Athens,770-442-9872,https://www.ncr.com/,N/A,-83.37682,33.958,Closed,https://www.linkedin.com/in/lisa-turner-985837b7
Mack & Payne Funeral Home,Funeral Homes,625 Nellie B Ave,Athens,706-543-8213,http://www.mackandpaynefuneralhome.org/,9a-5p,-83.344944,33.956078,Y,Google/Website maintained
Magic Years of Learning Daycare,Education,575 N Harris St,Athens,(706) 548-5503,N/A,M-F 6:30am-6:00pm,-83.389122,33.960285,Y ,"No online presence, check location/call"
Mannaweenta (Eritrean / Ethiopian),Restaurant/Ice Cream,1055 Gaines School Rd #107,Athens,706 850 8422,https://www.facebook.com/Mannaweenta-EthiopianEritrean-Restaurant-1663829300568536/,T-Sat 11am-7pm Closed M & Sun.,-83.3367727,33.9264383,Y,Google
"Michele Pearson, Edward Jones Investments and Retirement Advising",Financial Services,"690 Highway 29 N, Suite 100",Athens,(706) 543-7952,https://www.edwardjones.com/financial-advisor/index.html?CIRN=aMZgmtx0pFoi4GonjRX%2F8tmfq%2F7CHYNf21OBukEhY1Mh6A8X%2F1Nu993mELBtY3Sj,M-F 8am-5pm,-83.333855,33.994995,Y ,Website says she still works there
Mr Mikes Personal Training,Fitness,213 B Tallassee Rd,Athens,(706) 424-9378,https://www.facebook.com/pg/Mr.MikeTheBest/about/?ref=page_internal,8am-8pm,-83.431379,33.966242,Y,Google/Facebook Active
Next Level Care,Healthcare,485 Huntington Rd,Athens,(404) 500-9195,http://nextlevelcarellc.com/,M-F 9am - 6pm,-83.464909,33.946649,Y,Google/Website maintained
Nina Styles,Barber & Beauty,225 Cherokee Rd Suite 3,Winterville,(706) 899-0404,https://www.facebook.com/ninastyles2/,"10 AM - 2 PM Monday-Saturday, Sunday Closed",-83.354581,33.955954,Y,Google/Facebook Active
Payne Construction,Home repair and maintenance,145 Walker Dr,Athens,706-552-3911 ex.103,https://www.cityfos.com/company/PAYNE-CONSTRUCTION-COMMERCIAL-in-ATHENS-GA-13209.htm,varies,-83.35249,33.993727,Y,Google  
Peaches,Restaurant/Ice Cream,50 Gaines School Road,Athens,706-254-7416,https://www.facebook.com/PEACHES-FINE-FOODS-364019103531/,Tuesday-Friday: 11-2:30,-83.324308,33.938489,Closed,"Seems to be closed, facebook was posting menu frequently up until ~August 2017 and then stopped abruptly. Maybe check by phone/go to location"
Pittman's Tire Service,Automotive,1525 Lexington Rd,Athens,706-543-2908,N/A,M-F 9a-5:30p,-83.350919,33.946908,Y,Google/Website maintained
Precision Cuts Lawn Care,Lawn Maintenance,103 Colleton Drive,Athens,(706) 206-2964,N/A,N/A,-83.441108,33.935209,Y,No Google Listing with matching phone/address
Prime Tire,Automotive,1293 W Broad St,Athens,(706) 549-9991,https://www.facebook.com/pages/Prime-Tires/409611462473633,M-Sat: 8am-6pm Sun: closed,-83.39327,33.95345,Y,Google
Rashe's Jamaican Cuisine,Restaurant/Ice Cream,"585 Vine St, Suite 3",Athens,(706) 850-4164,https://rashecuisine.com/,Wednesday 11:00 am - 5:00 pm and Thursday - Saturday 11:00 am - 9:00 pm (currently only open for delivery),-83.36424,33.952221,Y,Google/Facebook Active
Science Guyz,Education,250 W Broad St #120,Athens,706-552-0777,http://www.scienceguyz.com/,"M-Th 2pm-10pm, F 2pm-6pm, Sun 2pm-10pm",-83.37889,33.95707,Y,Google/Website maintained
Shear Performance Hair Designers,Barber & Beauty,625 Hawthorne Ave,Athens,(706) 546- 7934,https://www.facebook.com/pages/Shear-Performance-Hair-Designers/116996615026755,T-F 9AM-6PM,-83.41355,33.9602,Y,Google/Facebook Active
Sheats Barber & Beauty Shop,Barber & Beauty,1296 W Hancock Ave,Athens,(706) 548-1237,https://www.facebook.com/Sheats-Barber-and-Beauty-Shop-222736727860427/,"T-R 9a-6p, F-Sat8a-6p",-83.394333,33.956039,Y,Google/Facebook Active
Sherri Ellison,Law,1711 Prince Ave,Athens,(706) 369-7147,https://www.lawyers.com/athens/georgia/sherry-l-jackson-ellison-854610-a/,M-F 9a-5p,-83.407318,33.967388,Y,Google
Smiths Heating and Air,Home repair and maintenance,120 Wesley Dr,Athens,706-548-9606,http://www.smithheatingandairservice.com/,"Avaliable for emergency service 24/7, Normal Service M-F 8-6, Sat 8-1.",-83.28216,33.92061,Y,Google/Website maintained
Social Empowerment Center,Social Work,465 Huntington Road,Athens,(706) 395-6020,http://listings.findthecompany.com/l/752633288/Social-Empowerment-Center,M-F 9am-5pm,-83.464294,33.946121,Y,Google
Studio 74,Barber & Beauty,145 Epps Bridge Rd,Athens,(706) 543-9144,https://www.facebook.com/pages/Studio-74/140303656007030,M-Sat 7:45am-6pm,-83.427917,33.94442,Y,Google/Facebook Active
Tire Depot,Automotive, 890 E Broad St,Athens,(770) 613-9547,N/A,"M-R 9:00-6:30, F 9:00-8:00, Sa 9:00-5:00",-83.390873,33.955124,Y,Google/Facebook Active
Tony Mattox Car Wash/Detail,Automotive,1290 Oconee St,Athens,N/A,https://www.facebook.com/pages/Tony-Mattox-Car-Wash/1558981647709326,N/A,-83.35891,33.94795,Y,"No google listing or facebook, probably need to check through other means."
Troy's Construction,Home repair and maintenance,160 Marlborough Downs Rd,Athens,706 621 2280,www.troysconstruction16.us/services.html,M-F 8am - 5pm,-83.49709,33.93663,Unclear ,"Website defunct, but google lisitng and facebook still up"
Upper Cutz Barber Shop,Barber & Beauty,"395 Glenhaven Ave,",Athens,(706) 353-9621,https://www.facebook.com/UpperCutzAthens/,"T-F 9a-7p,Sat 8a-4p",-83.39801,33.953354,Y,Google/Facebook Active
Vanish Night Club,Bars & Night Life,112 Ben Burton Circle,Bogart,(706) 353-3053,N/A,N/A,-83.47555,33.94375,Y,"No active internet presence, confirm via alternatives"
Vic's Vintage,Retail/Shops,768 W. Broad St,Athens,(796) 389-5900,http://www.vicsvintage.com/,"T-Sat 11-6, Sun 12-5",-83.385216,33.95591,Closed (Vic may still be selling online?),https://www.redandblack.com/athensnews/vic-s-vintage-to-close-after-almost-8-years-in-athens/article_879a8fd0-535d-11e9-a8c1-a349de01fe53.html
Weaver D's,Restaurant/Ice Cream,1016 E. Broad Street,Athens,(706) 353-7797,http://weaverds.com/,M-Sat 11:00am-6:00pm,-83.367306,33.958545,Y,Google/Website maintained
Wilson's Hair World,Barber & Beauty,"415 Hawthorne Ave, Ste B",Athens,(706) 613-9041,https://www.facebook.com/pages/Wilsons-Hair-World/107266742664871,"Mon-Tue, Fri-Sat: 8:00 AM-6:00 PM R: 8a-5p",-83.41255,33.95573,Y,Google/Facebook Active
Wilson's Styling Shop,Barber & Beauty,343 N Hull St,Athens,(706) 543-2080,https://www.facebook.com/wilsons.stylingshop,"8am-6pm, Closed Wednesday and Sunday",-83.37909,33.959,Y,Google/Facebook Active
Winfrey's Mutual Funeral Home,Funeral Homes,390 Glenhaven Ave,Athens,706-548-4246,http://www.winfreymutualfuneralhome.com/,24 hour on call service,-83.3978,33.953645,Y,Google/Website maintained
WXAG 1470 am 92.7 FM,Media,855 Sunset Dr,Athens,(706) 552-1470,https://www.facebook.com/wxagathensga/?rf=855958864499397,N/A,-83.41001,33.968308,Y,Google/Facebook Active
Zebra Magazine,Media,297 Davis Street,Athens,706-353-4009,http://www.zebraoccasions.com/magazine/4594023678,N/A,-83.3859,33.92277,Y,Website active
